{
  "total_tests": 257,
  "passed": 257,
  "failed": 0,
  "pass_rate": 1.0,
  "tolerance": 1e-10,
  "failures": [],
  "f77_results": {
    "1": 5.0,
    "2": 0.9999999999999999,
    "3": 1.0,
    "4": 2.23606797749979,
    "5": 0.0,
    "6": 5.0,
    "7": 7.0,
    "8": 0.0,
    "9": 5.477225575051661,
    "10": 3.834e-20,
    "11": 5.422094798138447e-20,
    "12": 3.320341398109537e-20,
    "13": 1.3281365592438151e-19,
    "14": 1.304e+19,
    "15": 9.220672426672581e+18,
    "16": 1.3551565518418895e+19,
    "17": 2.23606797749979,
    "18": 1.304e+18,
    "19": 1.304e+17,
    "20": 1.3e-09,
    "21": 0.00013000000000000002,
    "22": 0.13,
    "23": 1.3,
    "24": 13.0,
    "25": 130.0,
    "26": 1300.0,
    "27": 1300000.0,
    "28": 130000000000.0,
    "29": 2.7885359691576745,
    "30": 10.511452616029896,
    "31": 8.09329696625155,
    "32": 15.884278864673163,
    "33": 18.529097266285202,
    "34": 250.61209180021652,
    "35": 312.4414515189459,
    "36": 416.01980847369595,
    "37": 5029.560317576904,
    "38": 6052.439023782085,
    "39": 3.1622776601683795,
    "40": 69.96427659884722,
    "41": 147.80054127099805,
    "42": 1.3040000000000038e+17,
    "43": 1.0000000000000005e-09,
    "44": 1.154699987774997,
    "45": 5.477225575051661,
    "46": 0.09999999999999998,
    "47": 1732050807568877.5,
    "48": 1.7320508075688773e-15,
    "49": 1.0,
    "50": 1.0,
    "51": 1.0,
    "52": 3.7112490619736095e+18,
    "53": 4.5359710757455237e+18,
    "54": 1.3000000000000001e-14,
    "55": 1.3e-07,
    "56": 0.013000000000000001,
    "57": 13000.0,
    "58": 1300000000.0,
    "59": 1.3e+16,
    "60": 1.7000000000000003e-14,
    "61": 1.7000000000000001e-07,
    "62": 0.016999999999999998,
    "63": 17000.0,
    "64": 1700000000.0,
    "65": 1.7e+16,
    "66": 2.5e-14,
    "67": 2.5000000000000004e-07,
    "68": 0.025,
    "69": 25000.0,
    "70": 2500000000.0,
    "71": 2.5e+16,
    "72": 2.9e-14,
    "73": 2.9e-07,
    "74": 0.029,
    "75": 29000.0,
    "76": 2900000000.0,
    "77": 2.9e+16,
    "78": 4.100000000000001e-14,
    "79": 4.1e-07,
    "80": 0.041,
    "81": 41000.0,
    "82": 4100000000.0,
    "83": 4.1e+16,
    "84": 6.100000000000002e-14,
    "85": 6.1e-07,
    "86": 0.061,
    "87": 61000.0,
    "88": 6100000000.0,
    "89": 6.1e+16,
    "90": 3.7e-14,
    "91": 3.6999999999999995e-07,
    "92": 0.037000000000000005,
    "93": 37000.0,
    "94": 3700000000.0,
    "95": 3.7e+16,
    "96": 8.5e-14,
    "97": 8.5e-07,
    "98": 0.085,
    "99": 85000.0,
    "100": 8500000000.0,
    "101": 8.5e+16,
    "102": 0.9999999999999999,
    "103": 1.2571556321494117,
    "104": 4.318037485523789,
    "105": 1.0000000000000002,
    "106": 1.2671714183925555,
    "107": 4.854164826601549,
    "108": 1.0000000000000002,
    "109": 1.2728880402482126,
    "110": 6.933138088931112,
    "111": 0.9999999999999991,
    "112": 1.276089933158462,
    "113": 7.9107202149488645,
    "114": 0.9999999999999992,
    "115": 1.2776978775663532,
    "116": 8.800402087102027,
    "117": 3.1622776601683795,
    "118": 2.23606797749979,
    "119": 1e-30,
    "120": 1e-25,
    "121": 1e-22,
    "122": 1e+22,
    "123": 1e+25,
    "124": 1e+30,
    "125": 1.2697047363862188,
    "126": 256.50730983736116,
    "127": 2.23606797749979,
    "128": 1.3105686558131931e+19,
    "129": 4.242640687119286,
    "130": 4.242640687119284,
    "131": 4.242640687119285,
    "132": 4.242640687119283,
    "133": 77.8394760188983,
    "134": 1.7413291594222469,
    "135": 10.0,
    "136": 9.9498743710662,
    "137": 10.0,
    "138": 4472.13595499958,
    "139": 3.4724905244277253,
    "140": 3.8114874873483777,
    "141": 4.47469618811178,
    "142": 4.732831470130071,
    "143": 8.118721338591845,
    "144": 10.061814145595111,
    "145": 12.813022815808447,
    "146": 16.321122763597675,
    "147": 97.23682430026189,
    "148": 422.2700557700013,
    "149": 6.204836822995428,
    "150": 9.220672426672581e+18,
    "151": 5.831665285319452e+18,
    "152": 4.123610068859567e+18,
    "153": 2.915832642659726e+18,
    "154": 1.844134485334516e+18,
    "155": 1.304e+18,
    "156": 2.5495097567963922,
    "157": 1.8162618313448094e+19,
    "158": 5e-324,
    "159": 5e-323,
    "160": 4.94e-322,
    "161": 4.94e-321,
    "162": 3.5e-323,
    "163": 2.225073858507201e-308,
    "164": 2.225073858507199e-308,
    "165": 2.2250738585072034e-308,
    "166": 1.7976931348623157e+308,
    "167": 1.797693134862314e+308,
    "168": Infinity,
    "169": 2.220446049250313e-16,
    "170": 2.2204460492503109e-16,
    "171": 2.2204460492503155e-16,
    "172": 0.0,
    "173": 0.0,
    "174": 3.7416573867739413,
    "175": 1.7320508075688772,
    "176": 1.7320508075688772,
    "177": 0.316227766016838,
    "178": 0.5773502691896257,
    "179": 1.384557691105719e-10,
    "180": 2553429066.960741,
    "181": 2.4922038439902945e-10,
    "182": 4596172320.529334,
    "183": 2.741424228389324e-10,
    "184": 5055789552.582268,
    "185": 2.769115382211438e-10,
    "186": 5106858133.921482,
    "187": 2.7968065360335525e-10,
    "188": 5157926715.260697,
    "189": 3.0460269204325823e-10,
    "190": 5617543947.313631,
    "191": 5.538230764422876e-10,
    "192": 10213716267.842964,
    "193": 6.6504e+18,
    "194": 10000000000.0,
    "195": 2236067977499789.8,
    "196": 71.08559047459674,
    "197": 1.0,
    "198": 1.0,
    "199": 1e-20,
    "200": 1e-10,
    "201": 0.001,
    "202": 1.0,
    "203": 1000.0,
    "204": 10000000000.0,
    "205": 1e+20,
    "206": 1.7320508075688772,
    "207": 1.0,
    "208": 1.7320508075688772,
    "209": 1.7320508075688772,
    "210": 1.7320508075688772,
    "211": 1.7320508075688772,
    "212": 7.416198487095663,
    "213": 10000000000.5,
    "214": 2.0,
    "215": 3.1622776601683635,
    "216": 4.4721359549995565,
    "217": 5.477225575051634,
    "218": 11.219599339709811,
    "219": 7.407976867034616,
    "220": 15.787857515675984,
    "221": 13.406574117417081,
    "222": 8.535202342455996,
    "223": 19.26211888008001,
    "224": 17.000539022138863,
    "225": 10.00654573975874,
    "226": 22.72201290069304,
    "227": 18.512567091130347,
    "228": 37.44056013544194,
    "229": 4.339114883845363e-15,
    "230": 4.3391148838453624e-10,
    "231": 4.3391148838453625e-05,
    "232": 0.43391148838453625,
    "233": 8.678229767690723,
    "234": 433.91148838453614,
    "235": 433911.4883845363,
    "236": 43391148838.45362,
    "237": 4339114883845362.0,
    "238": 14142135623.730951,
    "239": 18.475199804399953,
    "240": 4.337942033960343e-11,
    "241": 5.995407732350751e-308,
    "242": 9.999999999999988e-13,
    "243": 1.004987562112089e+154,
    "244": 8.605212954947718e-97,
    "245": 2e+20,
    "246": 1.154699987774997e-300,
    "247": 2.23606797749979,
    "248": 1005.037815259207,
    "249": 1252.4312356373102,
    "250": 2886537.7184440186,
    "251": 2.8284271247461903,
    "252": 1.5098295606908716,
    "253": 1.0,
    "254": 1.0000000000000002,
    "255": 7.615773105863909,
    "256": 2.0,
    "257": 7.528647510232719e+18
  },
  "f90_results": {
    "1": 5.0,
    "2": 0.9999999999999999,
    "3": 1.0,
    "4": 2.23606797749979,
    "5": 0.0,
    "6": 5.0,
    "7": 7.0,
    "8": 0.0,
    "9": 5.477225575051661,
    "10": 3.834e-20,
    "11": 5.422094798138447e-20,
    "12": 3.320341398109537e-20,
    "13": 1.3281365592438151e-19,
    "14": 1.304e+19,
    "15": 9.220672426672581e+18,
    "16": 1.3551565518418895e+19,
    "17": 2.23606797749979,
    "18": 1.304e+18,
    "19": 1.304e+17,
    "20": 1.3e-09,
    "21": 0.00013000000000000002,
    "22": 0.13,
    "23": 1.3,
    "24": 13.0,
    "25": 130.0,
    "26": 1300.0,
    "27": 1300000.0,
    "28": 130000000000.0,
    "29": 2.7885359691576745,
    "30": 10.511452616029896,
    "31": 8.09329696625155,
    "32": 15.884278864673163,
    "33": 18.529097266285202,
    "34": 250.61209180021652,
    "35": 312.4414515189459,
    "36": 416.01980847369595,
    "37": 5029.560317576904,